ID,Nombre,Apellido,Email
C001,Juan,Perez,juan.perez@example.com
C002,Maria,Gomez,maria.gomez@example.com
C003,Carlos,Garcia,carlos.garcia@example.com
C004,Ana,Lopez,ana.lopez@example.com
C005,Luis,Ramirez,luis.ramirez@example.com
C006,Sofia,Martinez,sofia.martinez@example.com
C007,Pedro,Hernandez,pedro.hernandez@example.com
C008,Laura,Fernandez,laura.fernandez@example.com
C009,Diego,Morales,diego.morales@example.com
C010,Valentina,Rojas,valentina.rojas@example.com